[
  {
    "id": "a1fe7602-2719-46a5-adfa-e5eb25b8df39",
    "data": [
      {
        "text": "ya",
        "userDefined": false
      }
    ],
    "isTemplate": false,
    "count": 1,
    "updated": 0
  },
  {
    "id": "6a29b32a-0e1f-42c2-b025-129f4123a153",
    "data": [
      {
        "text": "ya bersedia",
        "userDefined": false
      }
    ],
    "isTemplate": false,
    "count": 0,
    "updated": 0
  },
  {
    "id": "1c7bfeaa-63cd-490c-a689-f60217f53cf4",
    "data": [
      {
        "text": "iya",
        "meta": "@sys.ignore",
        "userDefined": false
      }
    ],
    "isTemplate": false,
    "count": 0,
    "updated": 0
  },
  {
    "id": "b570f457-5c53-40b3-8bcc-3e23e61e6f2d",
    "data": [
      {
        "text": "Ok, saya coba deh",
        "userDefined": false
      }
    ],
    "isTemplate": false,
    "count": 0,
    "updated": 0
  },
  {
    "id": "dc36922a-0dd3-4c80-8a23-9c8eef42d995",
    "data": [
      {
        "text": "ok thanks",
        "userDefined": false
      }
    ],
    "isTemplate": false,
    "count": 0,
    "updated": 0
  },
  {
    "id": "a35c14f4-f656-4253-95f3-9528e3796173",
    "data": [
      {
        "text": "sip deh",
        "userDefined": false
      }
    ],
    "isTemplate": false,
    "count": 0,
    "updated": 0
  },
  {
    "id": "71cb0fcb-e8a0-425e-9936-461abfcfaa93",
    "data": [
      {
        "text": "ok ",
        "userDefined": false
      },
      {
        "text": "kalo",
        "meta": "@sys.ignore",
        "userDefined": false
      },
      {
        "text": " begitu",
        "userDefined": false
      }
    ],
    "isTemplate": false,
    "count": 0,
    "updated": 0
  },
  {
    "id": "8d2ae105-d784-4d1a-9dea-09727ade4e3c",
    "data": [
      {
        "text": "ok klo gitu",
        "userDefined": false
      }
    ],
    "isTemplate": false,
    "count": 0,
    "updated": 0
  },
  {
    "id": "40effdcd-1a84-4271-8a61-58135b3f4da7",
    "data": [
      {
        "text": "boleh deh",
        "userDefined": false
      }
    ],
    "isTemplate": false,
    "count": 1,
    "updated": 0
  }
]