[
  {
    "id": "2f9b1339-42b0-4adb-9c4f-fa276e699555",
    "data": [
      {
        "text": "verifikasi",
        "userDefined": false
      }
    ],
    "isTemplate": false,
    "count": 0,
    "updated": 0
  },
  {
    "id": "e2498d56-5dfb-4e66-b2b3-3b47e414289f",
    "data": [
      {
        "text": "daftar",
        "userDefined": false
      }
    ],
    "isTemplate": false,
    "count": 0,
    "updated": 0
  },
  {
    "id": "9c9b9a8d-7e9e-4275-906d-8087e37d9bcc",
    "data": [
      {
        "text": "login",
        "userDefined": false
      }
    ],
    "isTemplate": false,
    "count": 0,
    "updated": 0
  },
  {
    "id": "a1884d90-5abb-47c1-b9c3-83cf035df32e",
    "data": [
      {
        "text": "registrasi",
        "userDefined": false
      }
    ],
    "isTemplate": false,
    "count": 0,
    "updated": 0
  },
  {
    "id": "7493a3f2-fa5a-40cb-8608-2f215e4c3151",
    "data": [
      {
        "text": "register",
        "userDefined": false
      }
    ],
    "isTemplate": false,
    "count": 0,
    "updated": 0
  }
]