[
  {
    "id": "71d0eeed-b6d1-4323-aa84-5b287f96bea5",
    "data": [
      {
        "text": "ya boleh",
        "userDefined": false
      }
    ],
    "isTemplate": false,
    "count": 0,
    "updated": 0
  },
  {
    "id": "d19c6f5c-24eb-450f-bea2-64c0a708eb84",
    "data": [
      {
        "text": "oke lanjut",
        "userDefined": false
      }
    ],
    "isTemplate": false,
    "count": 0,
    "updated": 0
  },
  {
    "id": "5c144ce8-9d0d-49d0-94c4-63588e8bb489",
    "data": [
      {
        "text": "kedengarannya bagus",
        "userDefined": false
      }
    ],
    "isTemplate": false,
    "count": 0,
    "updated": 0
  },
  {
    "id": "5a63b32f-bcf8-42d5-8fca-dfc27dd1a6c0",
    "data": [
      {
        "text": "saya setuju",
        "userDefined": false
      }
    ],
    "isTemplate": false,
    "count": 0,
    "updated": 0
  },
  {
    "id": "12fa42e4-5f09-45a5-a114-ed9d12b5b9d2",
    "data": [
      {
        "text": "iya",
        "userDefined": false
      }
    ],
    "isTemplate": false,
    "count": 0,
    "updated": 0
  },
  {
    "id": "ecedd414-cefe-4ab0-b794-fbf18961b90f",
    "data": [
      {
        "text": "oke",
        "userDefined": false
      }
    ],
    "isTemplate": false,
    "count": 0,
    "updated": 0
  },
  {
    "id": "9d84e85b-cadd-4969-87d5-2e58feb3410b",
    "data": [
      {
        "text": "ya",
        "userDefined": false
      }
    ],
    "isTemplate": false,
    "count": 0,
    "updated": 0
  },
  {
    "id": "c835edd0-bcd2-4342-a109-51d32de30175",
    "data": [
      {
        "text": "pastinya",
        "userDefined": false
      }
    ],
    "isTemplate": false,
    "count": 0,
    "updated": 0
  },
  {
    "id": "b3cdfc7b-fa43-4706-a319-c32d5825d656",
    "data": [
      {
        "text": "saya tidak keberatan",
        "userDefined": false
      }
    ],
    "isTemplate": false,
    "count": 0,
    "updated": 0
  },
  {
    "id": "bfa67b82-dd2a-4704-93c0-ea7eb9ecf1cd",
    "data": [
      {
        "text": "benar",
        "userDefined": false
      }
    ],
    "isTemplate": false,
    "count": 0,
    "updated": 0
  },
  {
    "id": "2a796ccd-e6d3-4dfd-ac90-975422cae5a8",
    "data": [
      {
        "text": "setuju",
        "userDefined": false
      }
    ],
    "isTemplate": false,
    "count": 0,
    "updated": 0
  }
]