[
  {
    "id": "86aedf07-5bc8-4830-8424-72bde0441086",
    "data": [
      {
        "text": "apa kompensasi yang saya dapat?",
        "userDefined": false
      }
    ],
    "isTemplate": false,
    "count": 0,
    "updated": 0
  },
  {
    "id": "df54f64f-e2e0-466c-8729-077de95d3a31",
    "data": [
      {
        "text": "ada kompensasi kah?",
        "userDefined": false
      }
    ],
    "isTemplate": false,
    "count": 0,
    "updated": 0
  },
  {
    "id": "e4da9dc8-7795-4598-be0f-c9ee6c9a039f",
    "data": [
      {
        "text": "kompensasi seperti apa yang saya dapat?",
        "userDefined": false
      }
    ],
    "isTemplate": false,
    "count": 0,
    "updated": 0
  },
  {
    "id": "ee7e4583-e340-44ce-a4b8-7436f97978eb",
    "data": [
      {
        "text": "lalu bagaimana dengan nasib keluarga saya?",
        "userDefined": false
      }
    ],
    "isTemplate": false,
    "count": 0,
    "updated": 0
  },
  {
    "id": "e66b1ef5-aad9-49b5-a8c3-70c51fd20c5c",
    "data": [
      {
        "text": "saya dapat apa?",
        "userDefined": false
      }
    ],
    "isTemplate": false,
    "count": 0,
    "updated": 0
  },
  {
    "id": "4fde8366-2602-441d-8a7f-3b9bb3e4659d",
    "data": [
      {
        "text": "lalu bagaimana dengan nasib saya?",
        "userDefined": false
      }
    ],
    "isTemplate": false,
    "count": 0,
    "updated": 0
  },
  {
    "id": "39c1479c-a532-4863-82e2-f066005ee458",
    "data": [
      {
        "text": "nasib saya gimana?",
        "userDefined": false
      }
    ],
    "isTemplate": false,
    "count": 0,
    "updated": 0
  }
]