[
  {
    "id": "faa28988-3167-43b4-877a-bbf651bcc2ee",
    "data": [
      {
        "text": "apa alasannya?",
        "userDefined": false
      }
    ],
    "isTemplate": false,
    "count": 0,
    "updated": 0
  },
  {
    "id": "ef6137b8-325c-43f5-bc90-596ccd513aea",
    "data": [
      {
        "text": "alasanya apa ya?",
        "userDefined": false
      }
    ],
    "isTemplate": false,
    "count": 0,
    "updated": 0
  },
  {
    "id": "322b6006-d0af-4b49-9a0d-aeb3a53dfff3",
    "data": [
      {
        "text": "kenapa saya diberhentikan?",
        "userDefined": false
      }
    ],
    "isTemplate": false,
    "count": 0,
    "updated": 0
  },
  {
    "id": "caea3a1f-2405-45b7-88f4-77cda105aa8a",
    "data": [
      {
        "text": "kenapa saya di ",
        "userDefined": false
      },
      {
        "text": "pecat",
        "meta": "@sys.ignore",
        "userDefined": false
      },
      {
        "text": "?",
        "userDefined": false
      }
    ],
    "isTemplate": false,
    "count": 0,
    "updated": 0
  },
  {
    "id": "8312cedc-7de6-459e-9828-db5b4da54390",
    "data": [
      {
        "text": "jadi saya kena PHK?",
        "userDefined": false
      }
    ],
    "isTemplate": false,
    "count": 0,
    "updated": 0
  },
  {
    "id": "4f886aed-b9e2-4e68-89b6-f2cd7f0e340c",
    "data": [
      {
        "text": "kenapa saya yang diberhentikan?",
        "userDefined": false
      }
    ],
    "isTemplate": false,
    "count": 0,
    "updated": 0
  }
]