[
  {
    "id": "5468d89d-60a0-4751-ad7e-84a805dd9dba",
    "data": [
      {
        "text": "tidak mau",
        "userDefined": false
      }
    ],
    "isTemplate": false,
    "count": 0,
    "updated": 0
  },
  {
    "id": "2b6a52c5-004e-4705-b89a-a95720f6a3a4",
    "data": [
      {
        "text": "gak usah",
        "userDefined": false
      }
    ],
    "isTemplate": false,
    "count": 0,
    "updated": 0
  },
  {
    "id": "6f37b463-8498-4fa2-a7ae-b62380158b2d",
    "data": [
      {
        "text": "tidak usah",
        "userDefined": false
      }
    ],
    "isTemplate": false,
    "count": 0,
    "updated": 0
  },
  {
    "id": "ad301129-5054-479b-8765-ea82da98c685",
    "data": [
      {
        "text": "ga",
        "meta": "@sys.ignore",
        "userDefined": false
      }
    ],
    "isTemplate": false,
    "count": 0,
    "updated": 0
  },
  {
    "id": "26e5a4af-4d6e-441a-980d-09885a593b46",
    "data": [
      {
        "text": "tidak",
        "userDefined": false
      }
    ],
    "isTemplate": false,
    "count": 0,
    "updated": 0
  },
  {
    "id": "a194d80e-13cf-453c-b34c-2c7374def698",
    "data": [
      {
        "text": "no thanks",
        "userDefined": false
      }
    ],
    "isTemplate": false,
    "count": 0,
    "updated": 0
  },
  {
    "id": "e4d3a4bf-99f7-4636-a07a-2015e6dac3c6",
    "data": [
      {
        "text": "tidak perlu",
        "userDefined": false
      }
    ],
    "isTemplate": false,
    "count": 0,
    "updated": 0
  },
  {
    "id": "e067e2a5-8172-4c60-ae66-823ac4441951",
    "data": [
      {
        "text": "saya tidak bersedia",
        "userDefined": false
      }
    ],
    "isTemplate": false,
    "count": 0,
    "updated": 0
  },
  {
    "id": "b053cd07-2aae-4b06-abd5-c102311ddc07",
    "data": [
      {
        "text": "gak deh",
        "userDefined": false
      }
    ],
    "isTemplate": false,
    "count": 0,
    "updated": 0
  },
  {
    "id": "ce815b54-93a6-4e4c-a738-5f3ac480cf49",
    "data": [
      {
        "text": "saya tetap ",
        "userDefined": false
      },
      {
        "text": "akan",
        "meta": "@sys.ignore",
        "userDefined": false
      },
      {
        "text": " resign",
        "userDefined": false
      }
    ],
    "isTemplate": false,
    "count": 0,
    "updated": 0
  },
  {
    "id": "6eb45a03-b34d-4234-b779-9082306284b5",
    "data": [
      {
        "text": "saya tidak mau",
        "userDefined": false
      }
    ],
    "isTemplate": false,
    "count": 0,
    "updated": 0
  }
]