[
  {
    "id": "75f83a57-c895-4122-a53c-47ace75c6d2a",
    "data": [
      {
        "text": "tidak terima kasih",
        "userDefined": true
      }
    ],
    "isTemplate": false,
    "count": 0,
    "updated": 0
  },
  {
    "id": "7cf2a4e1-b5bc-4d7d-bdcf-bf71999c495c",
    "data": [
      {
        "text": "saya tidak setuju",
        "userDefined": true
      }
    ],
    "isTemplate": false,
    "count": 0,
    "updated": 0
  },
  {
    "id": "a2139e6a-269a-4300-b6f3-999703e46314",
    "data": [
      {
        "text": "tidak tertarik",
        "userDefined": true
      }
    ],
    "isTemplate": false,
    "count": 0,
    "updated": 0
  },
  {
    "id": "e3136a42-f332-423b-be0d-a2c5bfc6650b",
    "data": [
      {
        "text": "jangan lakukan",
        "userDefined": true
      }
    ],
    "isTemplate": false,
    "count": 0,
    "updated": 0
  },
  {
    "id": "809aaeb0-a8f3-4e98-8db4-e5e16979bbf9",
    "data": [
      {
        "text": "saya nggak mau",
        "userDefined": true
      }
    ],
    "isTemplate": false,
    "count": 0,
    "updated": 0
  },
  {
    "id": "b752e77b-3e17-413c-8d03-28eeb5a5f9ac",
    "data": [
      {
        "text": "tidak juga",
        "userDefined": true
      }
    ],
    "isTemplate": false,
    "count": 0,
    "updated": 0
  },
  {
    "id": "10205b1f-a984-41e2-83f4-fce759ec6b78",
    "data": [
      {
        "text": "tidak",
        "userDefined": true
      }
    ],
    "isTemplate": false,
    "count": 0,
    "updated": 0
  },
  {
    "id": "9588bb54-f81e-45fc-a696-871b05da567a",
    "data": [
      {
        "text": "sama sekali tidak",
        "userDefined": true
      }
    ],
    "isTemplate": false,
    "count": 0,
    "updated": 0
  },
  {
    "id": "96dc0276-2528-4c62-854f-805678e5fe5e",
    "data": [
      {
        "text": "tidak mau",
        "userDefined": true
      }
    ],
    "isTemplate": false,
    "count": 0,
    "updated": 0
  }
]