[
  {
    "id": "2e488945-9f1c-4e6f-b304-3deb90b37682",
    "data": [
      {
        "text": "betul",
        "meta": "@sys.ignore",
        "userDefined": false
      }
    ],
    "isTemplate": false,
    "count": 0,
    "updated": 0
  },
  {
    "id": "a4e1e3e6-9a37-4e6b-9ca3-bb2ea5d137d7",
    "data": [
      {
        "text": "iyalah",
        "userDefined": false
      }
    ],
    "isTemplate": false,
    "count": 0,
    "updated": 0
  },
  {
    "id": "3792ccda-97d5-46e5-b060-0102aa751d5e",
    "data": [
      {
        "text": "tentunya",
        "userDefined": false
      }
    ],
    "isTemplate": false,
    "count": 0,
    "updated": 0
  },
  {
    "id": "7fbaa1d3-3e66-4bb4-8bb6-5913162b213a",
    "data": [
      {
        "text": "so pasti",
        "userDefined": false
      }
    ],
    "isTemplate": false,
    "count": 0,
    "updated": 0
  },
  {
    "id": "6f632528-c319-4207-bfb1-ffaa97ba442b",
    "data": [
      {
        "text": "sangat yakin",
        "userDefined": false
      }
    ],
    "isTemplate": false,
    "count": 0,
    "updated": 0
  },
  {
    "id": "527d1fb1-e40c-4bdf-97f8-ece9d48db6f6",
    "data": [
      {
        "text": "sudah yakin",
        "userDefined": false
      }
    ],
    "isTemplate": false,
    "count": 0,
    "updated": 0
  },
  {
    "id": "6c86d781-7655-4488-bedb-386583719898",
    "data": [
      {
        "text": "yakin",
        "userDefined": false
      }
    ],
    "isTemplate": false,
    "count": 0,
    "updated": 0
  },
  {
    "id": "9d248a78-ad88-429e-93fa-ed50233cbd57",
    "data": [
      {
        "text": "oke lanjut",
        "userDefined": false
      }
    ],
    "isTemplate": false,
    "count": 0,
    "updated": 0
  },
  {
    "id": "56f1db88-67a3-4c2c-ac39-ca1cc7700422",
    "data": [
      {
        "text": "kedengarannya bagus",
        "userDefined": false
      }
    ],
    "isTemplate": false,
    "count": 0,
    "updated": 0
  },
  {
    "id": "1c32c061-b20d-45ab-9945-cf2e25e2a58b",
    "data": [
      {
        "text": "saya setuju",
        "userDefined": false
      }
    ],
    "isTemplate": false,
    "count": 0,
    "updated": 0
  },
  {
    "id": "23e5c230-e413-4c49-845e-0d3eb0dc51ec",
    "data": [
      {
        "text": "iya",
        "userDefined": false
      }
    ],
    "isTemplate": false,
    "count": 0,
    "updated": 0
  },
  {
    "id": "2a874d43-91e0-4406-a875-37143f9ed47d",
    "data": [
      {
        "text": "oke",
        "userDefined": false
      }
    ],
    "isTemplate": false,
    "count": 0,
    "updated": 0
  },
  {
    "id": "c1e8fbae-bb4f-45df-a351-0b37f4365b47",
    "data": [
      {
        "text": "ya",
        "userDefined": false
      }
    ],
    "isTemplate": false,
    "count": 0,
    "updated": 0
  },
  {
    "id": "1b252e91-dbde-42ae-a854-67527a9572e6",
    "data": [
      {
        "text": "pastinya",
        "userDefined": false
      }
    ],
    "isTemplate": false,
    "count": 0,
    "updated": 0
  },
  {
    "id": "f50b1348-fe93-4b6b-a4ba-496d84b3b2cf",
    "data": [
      {
        "text": "saya tidak keberatan",
        "userDefined": false
      }
    ],
    "isTemplate": false,
    "count": 0,
    "updated": 0
  },
  {
    "id": "bc2d0b8c-fc72-421c-99d6-8b66839c2263",
    "data": [
      {
        "text": "benar",
        "userDefined": false
      }
    ],
    "isTemplate": false,
    "count": 0,
    "updated": 0
  },
  {
    "id": "ebe7085b-4ebd-468e-9e55-e4bda5a442f6",
    "data": [
      {
        "text": "setuju",
        "userDefined": false
      }
    ],
    "isTemplate": false,
    "count": 0,
    "updated": 0
  }
]