[
  {
    "id": "791c51b8-225f-42e3-9002-96d6afb5c265",
    "data": [
      {
        "text": "tidak terima kasih",
        "userDefined": true
      }
    ],
    "isTemplate": false,
    "count": 0,
    "updated": 0
  },
  {
    "id": "01adfd8d-c12a-4592-95e7-83b806c9ceab",
    "data": [
      {
        "text": "saya tidak setuju",
        "userDefined": true
      }
    ],
    "isTemplate": false,
    "count": 0,
    "updated": 0
  },
  {
    "id": "a731451b-93f6-481b-86f1-19b1a0211168",
    "data": [
      {
        "text": "tidak tertarik",
        "userDefined": true
      }
    ],
    "isTemplate": false,
    "count": 0,
    "updated": 0
  },
  {
    "id": "ec512497-83fd-435a-9a51-68ad83c71af1",
    "data": [
      {
        "text": "jangan lakukan",
        "userDefined": true
      }
    ],
    "isTemplate": false,
    "count": 0,
    "updated": 0
  },
  {
    "id": "82481b53-410b-4d1a-83ca-151934903727",
    "data": [
      {
        "text": "saya nggak mau",
        "userDefined": true
      }
    ],
    "isTemplate": false,
    "count": 0,
    "updated": 0
  },
  {
    "id": "11f46658-7c13-4652-80fb-2c078cd8a25b",
    "data": [
      {
        "text": "tidak juga",
        "userDefined": true
      }
    ],
    "isTemplate": false,
    "count": 0,
    "updated": 0
  },
  {
    "id": "abb28949-b090-4aec-b284-8e6abe2a72dc",
    "data": [
      {
        "text": "tidak",
        "userDefined": true
      }
    ],
    "isTemplate": false,
    "count": 0,
    "updated": 0
  },
  {
    "id": "8b038aef-10db-4451-b8de-5ecd112eddd7",
    "data": [
      {
        "text": "sama sekali tidak",
        "userDefined": true
      }
    ],
    "isTemplate": false,
    "count": 0,
    "updated": 0
  },
  {
    "id": "56d736c2-26c7-4158-a6d4-10eeadcc652a",
    "data": [
      {
        "text": "tidak mau",
        "userDefined": true
      }
    ],
    "isTemplate": false,
    "count": 0,
    "updated": 0
  }
]