[
  {
    "id": "d1d782c2-ab84-4e4c-9971-b5e68dfcce41",
    "data": [
      {
        "text": "saya tidak terima!",
        "userDefined": false
      }
    ],
    "isTemplate": false,
    "count": 0,
    "updated": 0
  },
  {
    "id": "cac7a925-8c43-4c4e-b128-e3c5f71058d1",
    "data": [
      {
        "text": "tolong saya jangan diberhentikan",
        "userDefined": false
      }
    ],
    "isTemplate": false,
    "count": 0,
    "updated": 0
  },
  {
    "id": "baecd644-57a6-49d1-9d14-da5464bd8200",
    "data": [
      {
        "text": "saya tidak ingin dikeluarkan dari ",
        "userDefined": false
      },
      {
        "text": "perusahaan",
        "meta": "@sys.ignore",
        "userDefined": false
      }
    ],
    "isTemplate": false,
    "count": 0,
    "updated": 0
  },
  {
    "id": "6bfa5c79-052c-497d-8eda-26bb5d4c964f",
    "data": [
      {
        "text": "bisa tolong dipertimbangkan kembali?",
        "userDefined": false
      }
    ],
    "isTemplate": false,
    "count": 0,
    "updated": 0
  },
  {
    "id": "19c181dd-d927-4785-8f0d-ce25e8e0b826",
    "data": [
      {
        "text": "saya sudah lama bekerja diperusahaan ini, apa tidak bisa dipertimbangkan kembali?",
        "userDefined": false
      }
    ],
    "isTemplate": false,
    "count": 0,
    "updated": 0
  },
  {
    "id": "2e9f95df-659f-46d3-a77c-50aaa3d264e4",
    "data": [
      {
        "text": "saya tidak ingin berhenti kerja",
        "userDefined": false
      }
    ],
    "isTemplate": false,
    "count": 0,
    "updated": 0
  },
  {
    "id": "145f3104-c167-41c1-8f65-070536101ea5",
    "data": [
      {
        "text": "saya tidak mau",
        "userDefined": false
      }
    ],
    "isTemplate": false,
    "count": 0,
    "updated": 0
  },
  {
    "id": "74ccc514-2dac-42bd-8611-20e0a4b25317",
    "data": [
      {
        "text": "sial",
        "meta": "@sys.ignore",
        "userDefined": false
      }
    ],
    "isTemplate": false,
    "count": 0,
    "updated": 0
  }
]