[
  {
    "id": "bd2052de-a677-459d-89cf-0259269b74b4",
    "data": [
      {
        "text": "saya rasa itu tidak cukup",
        "userDefined": false
      }
    ],
    "isTemplate": false,
    "count": 0,
    "updated": 0
  },
  {
    "id": "29ced0d9-8ad6-4c50-99e1-043fcb4e1387",
    "data": [
      {
        "text": "Waduh sedikit sekali kompensasinya",
        "userDefined": false
      }
    ],
    "isTemplate": false,
    "count": 0,
    "updated": 0
  },
  {
    "id": "a7f3a5b0-a9a2-4925-a8de-def827e7061c",
    "data": [
      {
        "text": "Kompensasinya tidak setimpal",
        "userDefined": false
      }
    ],
    "isTemplate": false,
    "count": 0,
    "updated": 0
  },
  {
    "id": "4e17e58e-c963-4d2b-acc7-d95382ef2535",
    "data": [
      {
        "text": "tidak setimpal",
        "userDefined": false
      }
    ],
    "isTemplate": false,
    "count": 0,
    "updated": 0
  },
  {
    "id": "56f9ecd9-4904-4b97-aa1f-dc4f4c132144",
    "data": [
      {
        "text": "menurut saya kurang klo segitu",
        "userDefined": false
      }
    ],
    "isTemplate": false,
    "count": 0,
    "updated": 0
  },
  {
    "id": "79db5fef-a022-4bde-8164-7bab05ffa3ed",
    "data": [
      {
        "text": "menurut saya kurang kalau segitu",
        "userDefined": false
      }
    ],
    "isTemplate": false,
    "count": 0,
    "updated": 0
  },
  {
    "id": "0403ced3-eb15-4763-8fe0-89fc1dc45b66",
    "data": [
      {
        "text": "nilainya tidak bisa ditambahkan lagi",
        "userDefined": false
      }
    ],
    "isTemplate": false,
    "count": 0,
    "updated": 0
  },
  {
    "id": "56776232-4188-48fa-9eac-189f73efdd9f",
    "data": [
      {
        "text": "mana cukup",
        "userDefined": false
      }
    ],
    "isTemplate": false,
    "count": 0,
    "updated": 0
  },
  {
    "id": "6e0be848-5b0c-4bc6-99bc-b1137a9d1e45",
    "data": [
      {
        "text": "sedikit amat",
        "userDefined": false
      }
    ],
    "isTemplate": false,
    "count": 0,
    "updated": 0
  },
  {
    "id": "350f9eb5-1395-42a7-9cd6-38909cd6f555",
    "data": [
      {
        "text": "sedikit sekali",
        "userDefined": false
      }
    ],
    "isTemplate": false,
    "count": 0,
    "updated": 0
  }
]