[
  {
    "id": "972f2170-0486-4e20-916f-02a1acce50b2",
    "data": [
      {
        "text": "melewatkan",
        "userDefined": false
      }
    ],
    "isTemplate": false,
    "count": 0,
    "updated": 0
  },
  {
    "id": "a19c5ff0-4766-49ad-80d8-a608f504076d",
    "data": [
      {
        "text": "tidak melakukan apapun",
        "userDefined": false
      }
    ],
    "isTemplate": false,
    "count": 0,
    "updated": 0
  },
  {
    "id": "7ef4473b-777e-4565-8e18-4659b53a5106",
    "data": [
      {
        "text": "membatalkan",
        "userDefined": false
      }
    ],
    "isTemplate": false,
    "count": 0,
    "updated": 0
  },
  {
    "id": "d5f88319-9158-48e3-8325-481dcd9dc4f6",
    "data": [
      {
        "text": "berhenti",
        "userDefined": false
      }
    ],
    "isTemplate": false,
    "count": 0,
    "updated": 0
  },
  {
    "id": "2418a20d-7632-424c-ba8c-fe35614e6e3b",
    "data": [
      {
        "text": "lupakan",
        "userDefined": false
      }
    ],
    "isTemplate": false,
    "count": 0,
    "updated": 0
  },
  {
    "id": "30ddce39-9cff-47cf-b2b3-19570d116752",
    "data": [
      {
        "text": "hentikan",
        "userDefined": false
      }
    ],
    "isTemplate": false,
    "count": 0,
    "updated": 0
  },
  {
    "id": "9183a3b7-a5fc-4474-ba47-c7d29ff2db96",
    "data": [
      {
        "text": "lupakan saja",
        "userDefined": false
      }
    ],
    "isTemplate": false,
    "count": 0,
    "updated": 0
  },
  {
    "id": "32c6cbad-45fd-4a70-a458-39913a60c6fa",
    "data": [
      {
        "text": "batalkannya",
        "userDefined": false
      }
    ],
    "isTemplate": false,
    "count": 1,
    "updated": 0
  }
]