[
  {
    "id": "b0cbf81c-5de6-4265-8b76-026ddfadeb6c",
    "data": [
      {
        "text": "ada opsi lain ga?",
        "userDefined": false
      }
    ],
    "isTemplate": false,
    "count": 0,
    "updated": 0
  },
  {
    "id": "9c680ad7-f1e8-4620-bbc3-2c2fa97bb0dc",
    "data": [
      {
        "text": "apakah ada pilihan lain?",
        "userDefined": false
      }
    ],
    "isTemplate": false,
    "count": 0,
    "updated": 0
  },
  {
    "id": "6474b91d-b914-4f1d-8846-70fb5469c7b2",
    "data": [
      {
        "text": "ada pilihan lain ga?",
        "userDefined": false
      }
    ],
    "isTemplate": false,
    "count": 0,
    "updated": 0
  },
  {
    "id": "1253f757-1f0d-4d06-89b2-dddb1dd2d1b9",
    "data": [
      {
        "text": "tolong saya jangan diberhentikan, di potong gaji tidak apa",
        "userDefined": false
      }
    ],
    "isTemplate": false,
    "count": 0,
    "updated": 0
  },
  {
    "id": "3ab4b2b7-36e9-4cc9-8577-d661d47a9464",
    "data": [
      {
        "text": "pay cut",
        "userDefined": false
      }
    ],
    "isTemplate": false,
    "count": 0,
    "updated": 0
  },
  {
    "id": "c583fec0-f287-47fc-8f29-3de293acc3bd",
    "data": [
      {
        "text": "potong gaji",
        "userDefined": false
      }
    ],
    "isTemplate": false,
    "count": 0,
    "updated": 0
  }
]