[
  {
    "id": "0b2073ba-8b22-42b3-8958-6c2b5da42bfb",
    "data": [
      {
        "text": "apakah saya akan di PHK?",
        "userDefined": false
      }
    ],
    "isTemplate": false,
    "count": 0,
    "updated": 0
  },
  {
    "id": "da6aaaff-2903-4c58-897e-1809cb223cfc",
    "data": [
      {
        "text": "apakah saya ",
        "userDefined": false
      },
      {
        "text": "dipecat",
        "meta": "@sys.ignore",
        "userDefined": false
      },
      {
        "text": "?",
        "userDefined": false
      }
    ],
    "isTemplate": false,
    "count": 0,
    "updated": 0
  },
  {
    "id": "06ae0dc4-2cc2-4cf3-8ffb-c78592cf1927",
    "data": [
      {
        "text": "apakah saya akan diberhentikan?",
        "userDefined": false
      }
    ],
    "isTemplate": false,
    "count": 0,
    "updated": 0
  },
  {
    "id": "de3caaca-164f-4efc-a6fe-77293411b4ae",
    "data": [
      {
        "text": "pemecatan",
        "userDefined": false
      }
    ],
    "isTemplate": false,
    "count": 0,
    "updated": 0
  },
  {
    "id": "796fb1b6-444f-4b53-b3ee-c929aa7c4069",
    "data": [
      {
        "text": "di ",
        "userDefined": false
      },
      {
        "text": "pecat",
        "meta": "@sys.ignore",
        "userDefined": false
      }
    ],
    "isTemplate": false,
    "count": 0,
    "updated": 0
  },
  {
    "id": "14a3a9d2-9e21-4fd5-bc70-ee82fc67996b",
    "data": [
      {
        "text": "termination",
        "userDefined": false
      }
    ],
    "isTemplate": false,
    "count": 0,
    "updated": 0
  },
  {
    "id": "d43b77ad-8498-4da7-b724-ad6143cbbd8b",
    "data": [
      {
        "text": "pemberhentian kerja",
        "userDefined": false
      }
    ],
    "isTemplate": false,
    "count": 0,
    "updated": 0
  },
  {
    "id": "7e593660-72e8-4e8e-a5fb-0c4824156bbf",
    "data": [
      {
        "text": "lay",
        "meta": "@sys.ignore",
        "userDefined": false
      },
      {
        "text": " off",
        "userDefined": false
      }
    ],
    "isTemplate": false,
    "count": 0,
    "updated": 0
  },
  {
    "id": "3a7e2f2b-416e-40c7-b947-41f48e12c5ec",
    "data": [
      {
        "text": "phk",
        "userDefined": false
      }
    ],
    "isTemplate": false,
    "count": 0,
    "updated": 0
  },
  {
    "id": "bf1de9e2-a1a6-4735-96f4-3f68ef66c3c9",
    "data": [
      {
        "text": "layoff",
        "userDefined": false
      }
    ],
    "isTemplate": false,
    "count": 0,
    "updated": 0
  }
]