[
  {
    "id": "5448ddec-9383-4122-8a08-6cd677f5c6ad",
    "data": [
      {
        "text": "saya ingin mengundurkan diri karena ",
        "userDefined": false
      },
      {
        "text": "sakit keras",
        "alias": "resign_reason",
        "meta": "@alasan-resign",
        "userDefined": false
      }
    ],
    "isTemplate": false,
    "count": 0,
    "updated": 0
  },
  {
    "id": "a027e87d-1ff0-4f21-819a-94aebdacb030",
    "data": [
      {
        "text": "saya mau resign ",
        "userDefined": false
      },
      {
        "text": "tanggal 11 september",
        "alias": "effective_date",
        "meta": "@sys.date-time",
        "userDefined": false
      },
      {
        "text": " karena mendapat tawaran ",
        "userDefined": false
      },
      {
        "text": "gaji lebih besar",
        "alias": "resign_reason",
        "meta": "@alasan-resign",
        "userDefined": false
      },
      {
        "text": " di ",
        "userDefined": false
      },
      {
        "text": "perusahaan",
        "meta": "@sys.ignore",
        "userDefined": false
      },
      {
        "text": " lain",
        "userDefined": false
      }
    ],
    "isTemplate": false,
    "count": 0,
    "updated": 0
  },
  {
    "id": "a43acbc2-537a-47be-a4b3-fdbfd40dc9ce",
    "data": [
      {
        "text": "saya mau mengundurkan diri ",
        "userDefined": false
      },
      {
        "text": "tanggal 30 september",
        "alias": "effective_date",
        "meta": "@sys.date-time",
        "userDefined": false
      }
    ],
    "isTemplate": false,
    "count": 0,
    "updated": 0
  },
  {
    "id": "f61ec586-102d-4c13-bbc1-3db7837972e5",
    "data": [
      {
        "text": "saya mau mengundurkan diri karena di tempat baru saya melihat ",
        "userDefined": false
      },
      {
        "text": "karir lebih menjanjikan",
        "alias": "resign_reason",
        "meta": "@alasan-resign",
        "userDefined": false
      }
    ],
    "isTemplate": false,
    "count": 0,
    "updated": 0
  },
  {
    "id": "8d7f8fff-27d3-47c7-9055-23840c5095fe",
    "data": [
      {
        "text": "saya sementara mau berhenti kerja karena ingin ",
        "userDefined": false
      },
      {
        "text": "pulang kampung",
        "alias": "resign_reason",
        "meta": "@alasan-resign",
        "userDefined": false
      },
      {
        "text": " mengurus orang tua",
        "userDefined": false
      }
    ],
    "isTemplate": false,
    "count": 0,
    "updated": 0
  },
  {
    "id": "b6cfafc9-3ccd-415b-81c4-b696e0cb770d",
    "data": [
      {
        "text": "saya mau resign karena ditawarkan ",
        "userDefined": false
      },
      {
        "text": "tunjangan lebih besar",
        "alias": "resign_reason",
        "meta": "@alasan-resign",
        "userDefined": false
      },
      {
        "text": " di tempat baru",
        "userDefined": false
      }
    ],
    "isTemplate": false,
    "count": 0,
    "updated": 0
  },
  {
    "id": "14cfb9d4-4a05-427d-af2f-c86c442b5b3f",
    "data": [
      {
        "text": "saya mau resign karena mendapatkan tawaran ",
        "userDefined": false
      },
      {
        "text": "gaji lebih besar",
        "alias": "resign_reason",
        "meta": "@alasan-resign",
        "userDefined": true
      },
      {
        "text": " di tempat lain",
        "userDefined": false
      }
    ],
    "isTemplate": false,
    "count": 0,
    "updated": 0
  },
  {
    "id": "093a86c9-8101-4c97-9b6c-1d2697856ed6",
    "data": [
      {
        "text": "saya ",
        "userDefined": false
      },
      {
        "text": "mau",
        "meta": "@sys.ignore",
        "userDefined": false
      },
      {
        "text": " resign ",
        "userDefined": false
      },
      {
        "text": "per",
        "meta": "@sys.ignore",
        "userDefined": false
      },
      {
        "text": " ",
        "userDefined": false
      },
      {
        "text": "tanggal 2 september",
        "alias": "effective_date",
        "meta": "@sys.date-time",
        "userDefined": false
      }
    ],
    "isTemplate": false,
    "count": 0,
    "updated": 0
  },
  {
    "id": "7f297485-adc2-4620-a69c-ede44befd0a9",
    "data": [
      {
        "text": "resign",
        "userDefined": false
      }
    ],
    "isTemplate": false,
    "count": 0,
    "updated": 0
  },
  {
    "id": "d702d061-05a9-4a6b-81e5-bf17a0bd927e",
    "data": [
      {
        "text": "pengunduran diri",
        "userDefined": false
      }
    ],
    "isTemplate": false,
    "count": 0,
    "updated": 0
  }
]