[
  {
    "id": "93a792a5-3499-45f2-a1f6-45b0d8785124",
    "data": [
      {
        "text": "bulan depan",
        "alias": "tanggal",
        "meta": "@sys.date-time",
        "userDefined": false
      },
      {
        "text": " saya mau cuti karena ",
        "userDefined": false
      },
      {
        "text": "anak menikah",
        "alias": "jenis_cuti",
        "meta": "@jenis-cuti",
        "userDefined": false
      }
    ],
    "isTemplate": false,
    "count": 0,
    "updated": 0
  },
  {
    "id": "d43a8193-f880-41f7-a742-23a0e13aed09",
    "data": [
      {
        "text": "liburan",
        "alias": "jenis_cuti",
        "meta": "@jenis-cuti",
        "userDefined": false
      },
      {
        "text": " ",
        "userDefined": false
      },
      {
        "text": "enak nih",
        "meta": "@sys.ignore",
        "userDefined": false
      }
    ],
    "isTemplate": false,
    "count": 0,
    "updated": 0
  },
  {
    "id": "db424df9-6f76-4b67-a04a-04b13ffb2054",
    "data": [
      {
        "text": "istri saya",
        "meta": "@sys.ignore",
        "userDefined": false
      },
      {
        "text": " ",
        "userDefined": false
      },
      {
        "text": "melahirkan",
        "alias": "jenis_cuti",
        "meta": "@jenis-cuti",
        "userDefined": false
      },
      {
        "text": " sehingga saya harus cuti tanggal ",
        "userDefined": false
      },
      {
        "text": "10 september",
        "alias": "tanggal",
        "meta": "@sys.date-time",
        "userDefined": false
      }
    ],
    "isTemplate": false,
    "count": 0,
    "updated": 0
  },
  {
    "id": "b97cfe98-8eb7-4683-81fa-e4e3dd968344",
    "data": [
      {
        "text": "cuti tanggal ",
        "userDefined": false
      },
      {
        "text": "4 agustus 2020",
        "alias": "tanggal",
        "meta": "@sys.date-time",
        "userDefined": false
      }
    ],
    "isTemplate": false,
    "count": 0,
    "updated": 0
  },
  {
    "id": "aa396b28-fd58-406a-8984-00c6c3c1a333",
    "data": [
      {
        "text": "sy mau ajukan cuti karena ",
        "userDefined": false
      },
      {
        "text": "istri melahirkan",
        "alias": "jenis_cuti",
        "meta": "@jenis-cuti",
        "userDefined": false
      }
    ],
    "isTemplate": false,
    "count": 0,
    "updated": 0
  },
  {
    "id": "6a84ee90-a906-4e68-82ca-8ef24f3f19ba",
    "data": [
      {
        "text": "saya ingin cuti tanggal ",
        "userDefined": false
      },
      {
        "text": "2 september",
        "alias": "tanggal",
        "meta": "@sys.date-time",
        "userDefined": true
      },
      {
        "text": " selama 2 hari karena ",
        "userDefined": false
      },
      {
        "text": "istri lahiran",
        "alias": "jenis_cuti",
        "meta": "@jenis-cuti",
        "userDefined": true
      }
    ],
    "isTemplate": false,
    "count": 0,
    "updated": 0
  }
]