[
  {
    "id": "a69c0966-c899-4538-9339-d1d234b294b5",
    "data": [
      {
        "text": "Baiklah jika memang keputusan dari ",
        "userDefined": false
      },
      {
        "text": "perusahaan",
        "meta": "@sys.ignore",
        "userDefined": false
      },
      {
        "text": " sudah ditetapkan",
        "userDefined": false
      }
    ],
    "isTemplate": false,
    "count": 0,
    "updated": 0
  },
  {
    "id": "91e64013-5f47-4ea8-b833-8f269be368ac",
    "data": [
      {
        "text": "Ya sudah lah",
        "userDefined": false
      }
    ],
    "isTemplate": false,
    "count": 0,
    "updated": 0
  },
  {
    "id": "7e746cb9-6d24-4327-9429-dc1a38e44743",
    "data": [
      {
        "text": "Ok lah klo begitu",
        "userDefined": false
      }
    ],
    "isTemplate": false,
    "count": 0,
    "updated": 0
  },
  {
    "id": "03e0011f-87d3-4696-ae25-77703bd6315d",
    "data": [
      {
        "text": "Baiklah",
        "userDefined": false
      }
    ],
    "isTemplate": false,
    "count": 0,
    "updated": 0
  },
  {
    "id": "0f25fbd0-34dd-41cd-9fcd-5a05a35e3cfc",
    "data": [
      {
        "text": "oke",
        "userDefined": false
      }
    ],
    "isTemplate": false,
    "count": 0,
    "updated": 0
  },
  {
    "id": "23575691-4cdd-4443-a4ca-d620744b700d",
    "data": [
      {
        "text": "ya udah",
        "meta": "@sys.ignore",
        "userDefined": false
      },
      {
        "text": " gak apa2",
        "userDefined": false
      }
    ],
    "isTemplate": false,
    "count": 0,
    "updated": 0
  }
]