[
  {
    "id": "d995da6e-ecc7-4f06-aba7-242cfab00965",
    "data": [
      {
        "text": "tidak terima kasih",
        "userDefined": true
      }
    ],
    "isTemplate": false,
    "count": 0,
    "updated": 0
  },
  {
    "id": "83cadb4d-e4ac-45f1-bc46-b1d67f6f5840",
    "data": [
      {
        "text": "saya tidak setuju",
        "userDefined": true
      }
    ],
    "isTemplate": false,
    "count": 0,
    "updated": 0
  },
  {
    "id": "a795d0be-db80-436b-9e94-7928c1cc77f9",
    "data": [
      {
        "text": "tidak tertarik",
        "userDefined": true
      }
    ],
    "isTemplate": false,
    "count": 0,
    "updated": 0
  },
  {
    "id": "f2590be0-8efa-4abd-8524-e54f0c59e23d",
    "data": [
      {
        "text": "jangan lakukan",
        "userDefined": true
      }
    ],
    "isTemplate": false,
    "count": 0,
    "updated": 0
  },
  {
    "id": "5d5bdaa0-a544-45e2-8a46-9bed712381f8",
    "data": [
      {
        "text": "saya nggak mau",
        "userDefined": true
      }
    ],
    "isTemplate": false,
    "count": 0,
    "updated": 0
  },
  {
    "id": "b067aad8-b7ba-4e3f-93a1-db7aaa3eb9f4",
    "data": [
      {
        "text": "tidak juga",
        "userDefined": true
      }
    ],
    "isTemplate": false,
    "count": 0,
    "updated": 0
  },
  {
    "id": "a3c4b5a6-54a5-45ef-b887-279134c12d06",
    "data": [
      {
        "text": "tidak",
        "userDefined": true
      }
    ],
    "isTemplate": false,
    "count": 0,
    "updated": 0
  },
  {
    "id": "5b045cfb-2c05-43a8-8ce7-e765ea8fdbfe",
    "data": [
      {
        "text": "sama sekali tidak",
        "userDefined": true
      }
    ],
    "isTemplate": false,
    "count": 0,
    "updated": 0
  },
  {
    "id": "6f9e3b15-4177-418a-b6bc-fc269808f75e",
    "data": [
      {
        "text": "tidak mau",
        "userDefined": true
      }
    ],
    "isTemplate": false,
    "count": 0,
    "updated": 0
  }
]