[
  {
    "id": "0966316d-acd8-4fce-9997-cce7c46007ee",
    "data": [
      {
        "text": "makasih",
        "userDefined": false
      }
    ],
    "isTemplate": false,
    "count": 0,
    "updated": 0
  },
  {
    "id": "6a4c6c40-ba51-4cff-81a9-0d35c6c9dbfe",
    "data": [
      {
        "text": "terimakasih",
        "userDefined": false
      }
    ],
    "isTemplate": false,
    "count": 0,
    "updated": 0
  },
  {
    "id": "416e2d84-bdac-4ffe-8ebe-441a2bfb83b1",
    "data": [
      {
        "text": "thanks",
        "userDefined": false
      }
    ],
    "isTemplate": false,
    "count": 0,
    "updated": 0
  },
  {
    "id": "bb0425ae-47e1-4166-9841-b4bf95554e66",
    "data": [
      {
        "text": "ok thanks",
        "userDefined": false
      }
    ],
    "isTemplate": false,
    "count": 0,
    "updated": 0
  }
]