[
  {
    "value": "gaji lebih besar",
    "synonyms": [
      "gaji lebih besar",
      "benefit lebih besar"
    ]
  },
  {
    "value": "lebih dekat dengan rumah",
    "synonyms": [
      "lebih dekat dengan rumah",
      "kantor terlalu jauh",
      "capai dijalan",
      "lelah di jalan",
      "cape di perjalanan",
      "dekat dengan rumah",
      "dekat rumah",
      "deket rumah"
    ]
  },
  {
    "value": "tunjangan lebih besar",
    "synonyms": [
      "tunjangan lebih besar",
      "asuransi lebih baik",
      "tunjangan keluarga",
      "bonus lebih besar"
    ]
  },
  {
    "value": "pulang kampung",
    "synonyms": [
      "pulang kampung",
      "membantu orang tua",
      "sekalian pulang kampung",
      "merawat orang tua",
      "merawat saudara"
    ]
  },
  {
    "value": "karir lebih menjanjikan",
    "synonyms": [
      "karir lebih menjanjikan",
      "berkarir",
      "karir lebih cemerlang",
      "pengembangan diri",
      "bisa lebih berkembang",
      "karir lebih baik"
    ]
  },
  {
    "value": "sakit",
    "synonyms": [
      "sakit",
      "sakit keras",
      "sakit kronis"
    ]
  }
]