[
  {
    "value": "cuti tahunan",
    "synonyms": [
      "cuti tahunan",
      "liburan",
      "jalan-jalan",
      "bosan",
      "bete",
      "bosen",
      "boring"
    ]
  },
  {
    "value": "cuti istri melahirkan",
    "synonyms": [
      "cuti istri melahirkan",
      "istri lahiran",
      "istri melahirkan",
      "melahirkan"
    ]
  },
  {
    "value": "cuti menikahkan anak",
    "synonyms": [
      "cuti menikahkan anak",
      "cuti anak nikah",
      "menikahkan anak",
      "anak akan nikah",
      "anak menikah"
    ]
  },
  {
    "value": "cuti baptis anak",
    "synonyms": [
      "cuti baptis anak",
      "baptis anak",
      "anak di baptis"
    ]
  },
  {
    "value": "cuti menikah",
    "synonyms": [
      "cuti menikah",
      "menikah"
    ]
  },
  {
    "value": "cuti khitanan anak",
    "synonyms": [
      "cuti khitanan anak",
      "anak disunat",
      "sunatan anak",
      "khitanan",
      "sunatan",
      "anak sunatan"
    ]
  },
  {
    "value": "cuti anggota keluarga meninggal",
    "synonyms": [
      "cuti anggota keluarga meninggal",
      "meninggal",
      "saudara meninggal",
      "kakek meninggal",
      "nenek meninggal"
    ]
  },
  {
    "value": "cuti ibadah haji",
    "synonyms": [
      "cuti ibadah haji",
      "ibadah haji",
      "haji"
    ]
  },
  {
    "value": "cuti tidak dibayar",
    "synonyms": [
      "cuti tidak dibayar",
      "unpaid leave"
    ]
  },
  {
    "value": "cuti sakit",
    "synonyms": [
      "cuti sakit",
      "sakit"
    ]
  }
]